{"resources":["assets/sounds/effects.mp3"],"spritemap":{"ball_explode":{"start":0,"end":0.36480725623582766,"loop":false},"bubble_bomb":{"start":2,"end":2.97718820861678,"loop":false},"bubble_fire":{"start":4,"end":4.79936507936508,"loop":false},"bubble_in_the_hole_0":{"start":6,"end":7.201360544217687,"loop":false},"bubble_in_the_hole_1":{"start":9,"end":10.201360544217687,"loop":false},"bubble_in_the_hole_2":{"start":12,"end":13.201360544217687,"loop":false},"bubble_in_the_hole_3":{"start":15,"end":16.201360544217685,"loop":false},"bubble_in_the_hole_4":{"start":18,"end":19.201360544217685,"loop":false},"bubble_join":{"start":21,"end":21.243764172335602,"loop":false},"bubble_pop":{"start":23,"end":23.100362811791385,"loop":false},"bubble_rocket":{"start":25,"end":26.334557823129252,"loop":false},"button":{"start":28,"end":28.183038548752833,"loop":false},"change_bubble":{"start":30,"end":30.163356009070295,"loop":false},"common_getitem":{"start":32,"end":34.00206349206349,"loop":false},"congratulation":{"start":36,"end":38.718004535147394,"loop":false},"daily_reward":{"start":40,"end":40.91428571428571,"loop":false},"destroyed_lots_egg":{"start":42,"end":44.17977324263038,"loop":false},"diamonds_eat":{"start":46,"end":47.48897959183674,"loop":false},"game_over_scene":{"start":49,"end":52.99673469387755,"loop":false},"gameover":{"start":54,"end":54.63770975056689,"loop":false},"gift_charge":{"start":56,"end":57.69795918367347,"loop":false},"gift_explode":{"start":59,"end":61.84734693877551,"loop":false},"gift_reveal":{"start":63,"end":64.12326530612245,"loop":false},"lighting":{"start":66,"end":67.0778231292517,"loop":false},"no_clear_bubble":{"start":69,"end":69.16235827664399,"loop":false},"popup_in":{"start":71,"end":71.20829931972789,"loop":false},"popup_off":{"start":73,"end":73.18149659863946,"loop":false},"popup_out":{"start":75,"end":75.18149659863946,"loop":false},"popup_show":{"start":77,"end":77.20829931972789,"loop":false},"score_counter":{"start":79,"end":82.03020408163265,"loop":false},"shoot_bubble":{"start":84,"end":84.29678004535147,"loop":false},"start_game":{"start":86,"end":88.93913832199547,"loop":false},"start_level":{"start":90,"end":93.67201814058957,"loop":false},"ticktock":{"start":95,"end":96.66312925170068,"loop":false}}}